ğŸ˜©;Polarised modular conglomeration;http://python.beispiel.programmierenlernen.io/img/1.jpg
ğŸ˜;Cross-group contextually-based middleware;http://python.beispiel.programmierenlernen.io/img/2.jpg
ğŸ˜Œ;De-engineered encompassing structure;http://python.beispiel.programmierenlernen.io/img/3.jpg
ğŸ˜š;Fully-configurable multi-tasking interface;http://python.beispiel.programmierenlernen.io/img/4.jpg
ğŸ˜ ;Versatile eco-centric core;http://python.beispiel.programmierenlernen.io/img/5.jpg
ğŸ˜®;Optional maximized utilisation;http://python.beispiel.programmierenlernen.io/img/6.jpg
ğŸ˜¢;Open-architected secondary product;http://python.beispiel.programmierenlernen.io/img/7.jpg
ğŸ˜ ;Realigned zerotolerance function;http://python.beispiel.programmierenlernen.io/img/8.jpg
ğŸ˜†;Quality-focused user-facing help-desk;http://python.beispiel.programmierenlernen.io/img/9.jpg
ğŸ˜¤;Proactive user-facing opensystem;http://python.beispiel.programmierenlernen.io/img/10.jpg
ğŸ˜Ÿ;Decentralized holistic moderator;http://python.beispiel.programmierenlernen.io/img/11.jpg
ğŸ˜Œ;Mandatory tangible application;http://python.beispiel.programmierenlernen.io/img/12.jpg
ğŸ˜“;Digitized dedicated budgetarymanagement;http://python.beispiel.programmierenlernen.io/img/13.jpg
ğŸ˜;Organized well-modulated concept;http://python.beispiel.programmierenlernen.io/img/14.jpg
ğŸ˜¢;Balanced optimal openarchitecture;http://python.beispiel.programmierenlernen.io/img/15.jpg
ğŸ˜;Universal explicit throughput;http://python.beispiel.programmierenlernen.io/img/16.jpg
ğŸ˜³;Polarised mobile algorithm;http://python.beispiel.programmierenlernen.io/img/17.jpg
ğŸ˜š;Mandatory homogeneous infrastructure;http://python.beispiel.programmierenlernen.io/img/18.jpg
ğŸ˜²;Business-focused interactive implementation;http://python.beispiel.programmierenlernen.io/img/19.jpg
ğŸ˜¯;Polarised exuding archive;http://python.beispiel.programmierenlernen.io/img/20.jpg
ğŸ˜µ;Extended homogeneous firmware;http://python.beispiel.programmierenlernen.io/img/21.jpg
ğŸ˜‹;Secured transitional capability;http://python.beispiel.programmierenlernen.io/img/22.jpg
ğŸ˜´;Expanded clear-thinking forecast;http://python.beispiel.programmierenlernen.io/img/23.jpg
ğŸ˜‡;Grass-roots assymetric interface;http://python.beispiel.programmierenlernen.io/img/24.jpg
ğŸ˜ˆ;Inverse static service-desk;http://python.beispiel.programmierenlernen.io/img/25.jpg
ğŸ˜;Optional object-oriented toolset;http://python.beispiel.programmierenlernen.io/img/26.jpg
ğŸ˜§;Optional stable service-desk;http://python.beispiel.programmierenlernen.io/img/27.jpg
ğŸ˜ˆ;Virtual background systemengine;http://python.beispiel.programmierenlernen.io/img/28.jpg
ğŸ˜¶;Balanced human-resource extranet;http://python.beispiel.programmierenlernen.io/img/29.jpg
ğŸ˜„;Expanded bi-directional encryption;http://python.beispiel.programmierenlernen.io/img/30.jpg
ğŸ˜©;Sharable client-driven groupware;http://python.beispiel.programmierenlernen.io/img/31.jpg
ğŸ˜¬;Monitored even-keeled initiative;http://python.beispiel.programmierenlernen.io/img/32.jpg
ğŸ˜ˆ;Inverse maximized benchmark;http://python.beispiel.programmierenlernen.io/img/33.jpg
ğŸ˜Š;Front-line full-range help-desk;http://python.beispiel.programmierenlernen.io/img/34.jpg
ğŸ˜…;Integrated impactful matrices;http://python.beispiel.programmierenlernen.io/img/35.jpg
ğŸ˜„;Cross-platform composite data-warehouse;http://python.beispiel.programmierenlernen.io/img/36.jpg
ğŸ˜´;Grass-roots systemic support;http://python.beispiel.programmierenlernen.io/img/37.jpg
ğŸ˜‚;Secured 3rdgeneration intranet;http://python.beispiel.programmierenlernen.io/img/38.jpg
ğŸ˜•;Persistent composite firmware;http://python.beispiel.programmierenlernen.io/img/39.jpg
ğŸ˜Š;Upgradable multimedia benchmark;http://python.beispiel.programmierenlernen.io/img/40.jpg
ğŸ˜¦;Organized fresh-thinking utilisation;http://python.beispiel.programmierenlernen.io/img/41.jpg
